ssn,name,address,email,title,phone,company
324-93-7196,Amber Jones,"PSC 8851, Box 3545APO AA 47650",elizabeth83@example.com,Magazine journalist,747.166.6430x2603,Smith-Torres
650-51-5611,Gwendolyn Nguyen,Unit 3419 Box 9503DPO AE 64454,nchavez@example.net,Proofreader,115-178-3734,Miller-Chapman
798-53-5077,Steven Bishop,"8253 Amy LakeColontown, MS 12795",vincentisaac@example.com,"Accountant, chartered certified",(483)506-7450,Rowe-Bailey
497-58-5757,Kimberly Rivera,"4073 Frazier LightsLake Karen, NE 83982",rubiojennifer@example.com,Games developer,001-393-621-8827x0308,"Smith, Hale and Morris"
496-67-7256,Andrew Daniels,"1302 Peter Walk Suite 065North Tamaraland, WI 86773",qfrye@example.org,Facilities manager,(428)348-6982,Gonzales-Walsh
058-88-7495,Elizabeth Martinez,"90318 Robbins Gardens Apt. 693Port Jessica, MN 75926",tracey07@example.org,Social researcher,001-481-429-1367,Maxwell Inc
389-81-3722,Anthony Atkinson,USS GeorgeFPO AA 39948,okramer@example.org,Illustrator,(163)225-8144,Camacho-Kim
130-51-2536,Jessica Smith,"6735 Hopkins Inlet Apt. 181Walkermouth, LA 11709",zsexton@example.org,"Accountant, chartered certified",(750)239-4072x99979,Hutchinson and Sons
801-39-0313,Nicole Jones,"7185 Price RueSouth Brian, CO 09279",rosemccullough@example.org,Telecommunications researcher,(440)758-7849x58813,Williams-Kelly
609-82-6349,Tiffany Roberts,"398 William SpurSmithstad, AK 05429",aking@example.com,Web designer,+1-038-899-9378,Chapman-Patel
